occurence_sd,fraction_occurence_sd,occurence_fl,fraction_occurence_fl,position
174.0,0.5043478260869565,433.0,0.48651685393258426,66
109.0,0.3159420289855073,49.0,0.0550561797752809,52
94.0,0.27246376811594203,304.0,0.3415730337078652,55
83.0,0.24057971014492754,,,42
60.0,0.17391304347826086,,,50
55.0,0.15942028985507245,1.0,0.0011235955056179776,118
44.0,0.12753623188405797,49.0,0.0550561797752809,69
44.0,0.12753623188405797,32.0,0.035955056179775284,67
36.0,0.10434782608695652,43.0,0.048314606741573035,40
35.0,0.10144927536231885,52.0,0.058426966292134834,2
28.0,0.08115942028985507,25.0,0.028089887640449437,68
28.0,0.08115942028985507,,,49
27.0,0.0782608695652174,17.0,0.019101123595505618,1
26.0,0.07536231884057971,55.0,0.06179775280898876,82
21.0,0.06086956521739131,1.0,0.0011235955056179776,51
21.0,0.06086956521739131,58.0,0.0651685393258427,72
16.0,0.0463768115942029,27.0,0.030337078651685393,83
10.0,0.028985507246376812,48.0,0.05393258426966292,80
10.0,0.028985507246376812,,,44
9.0,0.02608695652173913,,,120
7.0,0.020289855072463767,,,47
7.0,0.020289855072463767,6.0,0.006741573033707865,26
7.0,0.020289855072463767,,,103
6.0,0.017391304347826087,1.0,0.0011235955056179776,4
6.0,0.017391304347826087,,,48
6.0,0.017391304347826087,7.0,0.007865168539325843,84
6.0,0.017391304347826087,2.0,0.0022471910112359553,3
5.0,0.014492753623188406,2.0,0.0022471910112359553,77
5.0,0.014492753623188406,1.0,0.0011235955056179776,81
4.0,0.011594202898550725,12.0,0.01348314606741573,85
4.0,0.011594202898550725,,,53
3.0,0.008695652173913044,,,119
3.0,0.008695652173913044,,,20
3.0,0.008695652173913044,,,54
3.0,0.008695652173913044,1.0,0.0011235955056179776,90
3.0,0.008695652173913044,,,79
2.0,0.005797101449275362,,,97
2.0,0.005797101449275362,1.0,0.0011235955056179776,88
2.0,0.005797101449275362,,,92
2.0,0.005797101449275362,,,101
2.0,0.005797101449275362,3.0,0.0033707865168539327,74
2.0,0.005797101449275362,,,25
1.0,0.002898550724637681,,,96
1.0,0.002898550724637681,,,121
1.0,0.002898550724637681,,,123
1.0,0.002898550724637681,,,104
1.0,0.002898550724637681,2.0,0.0022471910112359553,39
1.0,0.002898550724637681,,,86
1.0,0.002898550724637681,,,76
1.0,0.002898550724637681,,,75
1.0,0.002898550724637681,5.0,0.0056179775280898875,70
1.0,0.002898550724637681,,,7
1.0,0.002898550724637681,,,8
1.0,0.002898550724637681,,,18
1.0,0.002898550724637681,,,24
1.0,0.002898550724637681,,,46
1.0,0.002898550724637681,,,125
,,1.0,0.0011235955056179776,230
